{
  "advantage_mean": [
    -0.0437135009765625,
    0.019276284790039063,
    0.05348524780273437,
    0.05267625732421875,
    0.022410202026367187,
    0.017642282104492188,
    0.014162635803222657,
    -0.006043601989746094,
    -0.0119601806640625,
    -0.012783932495117188,
    0.002924925994873047
  ],
  "advantage_mean_T": [
    20010000,
    20020000,
    20030000,
    20040000,
    20050000,
    20060000,
    20070000,
    20080000,
    20090000,
    20100000,
    20110000
  ],
  "agent_grad_norm": [
    0.3426145613193512,
    0.11037841439247131,
    0.09655774384737015,
    0.08950813114643097,
    0.050228532403707504,
    0.056946028023958206,
    0.07095286250114441,
    0.04482376202940941,
    0.034461699426174164,
    0.042200375348329544,
    0.04395543411374092
  ],
  "agent_grad_norm_T": [
    20010000,
    20020000,
    20030000,
    20040000,
    20050000,
    20060000,
    20070000,
    20080000,
    20090000,
    20100000,
    20110000
  ],
  "critic_grad_norm": [
    1.008766531944275,
    0.6189860105514526,
    1.18928062915802,
    1.2634656429290771,
    0.48559123277664185,
    0.5193921327590942,
    0.35662996768951416,
    0.23623628914356232,
    0.30683404207229614,
    0.31806668639183044,
    0.1893732100725174
  ],
  "critic_grad_norm_T": [
    20010000,
    20020000,
    20030000,
    20040000,
    20050000,
    20060000,
    20070000,
    20080000,
    20090000,
    20100000,
    20110000
  ],
  "critic_loss": [
    0.0719095841050148,
    0.07056120038032532,
    0.07285048067569733,
    0.07266631722450256,
    0.07151072472333908,
    0.06879160553216934,
    0.06259200721979141,
    0.06232466548681259,
    0.06567981839179993,
    0.06557285040616989,
    0.06456589698791504
  ],
  "critic_loss_T": [
    20010000,
    20020000,
    20030000,
    20040000,
    20050000,
    20060000,
    20070000,
    20080000,
    20090000,
    20100000,
    20110000
  ],
  "ep_length_mean": [
    500.0,
    500.0,
    500.0,
    500.0,
    500.0,
    500.0,
    500.0,
    500.0,
    500.0,
    500.0,
    500.0
  ],
  "ep_length_mean_T": [
    20010000,
    20020000,
    20030000,
    20040000,
    20050000,
    20060000,
    20070000,
    20080000,
    20090000,
    20100000,
    20110000
  ],
  "episode": [
    10,
    110
  ],
  "episode_T": [
    20010000,
    20060000
  ],
  "pg_loss": [
    0.5123328566551208,
    -0.019213464111089706,
    -0.05383814126253128,
    -0.05315692722797394,
    -0.022759875282645226,
    -0.0179995596408844,
    -0.014333858154714108,
    0.005791764706373215,
    0.011703237891197205,
    0.012531621381640434,
    -0.003079542424529791
  ],
  "pg_loss_T": [
    20010000,
    20020000,
    20030000,
    20040000,
    20050000,
    20060000,
    20070000,
    20080000,
    20090000,
    20100000,
    20110000
  ],
  "pi_max": [
    0.97832666015625,
    0.97360986328125,
    0.97495546875,
    0.9783962890625,
    0.98126123046875,
    0.98186142578125,
    0.98302216796875,
    0.98048369140625,
    0.98164248046875,
    0.9814005859375,
    0.98172294921875
  ],
  "pi_max_T": [
    20010000,
    20020000,
    20030000,
    20040000,
    20050000,
    20060000,
    20070000,
    20080000,
    20090000,
    20100000,
    20110000
  ],
  "q_taken_mean": [
    3.57113515625,
    3.15269609375,
    3.258059375,
    3.3816984375,
    3.50094296875,
    3.3794671875,
    3.475449609375,
    3.5052234375,
    3.47649140625,
    3.5156015625,
    3.5024328125
  ],
  "q_taken_mean_T": [
    20010000,
    20020000,
    20030000,
    20040000,
    20050000,
    20060000,
    20070000,
    20080000,
    20090000,
    20100000,
    20110000
  ],
  "return_mean": [
    {
      "dtype": "float64",
      "py/object": "numpy.float64",
      "value": 20.9
    },
    {
      "dtype": "float64",
      "py/object": "numpy.float64",
      "value": 16.0
    },
    {
      "dtype": "float64",
      "py/object": "numpy.float64",
      "value": 17.7
    },
    {
      "dtype": "float64",
      "py/object": "numpy.float64",
      "value": 19.55
    },
    {
      "dtype": "float64",
      "py/object": "numpy.float64",
      "value": 20.35
    },
    {
      "dtype": "float64",
      "py/object": "numpy.float64",
      "value": 19.0
    },
    {
      "dtype": "float64",
      "py/object": "numpy.float64",
      "value": 19.75
    },
    {
      "dtype": "float64",
      "py/object": "numpy.float64",
      "value": 20.05
    },
    {
      "dtype": "float64",
      "py/object": "numpy.float64",
      "value": 19.95
    },
    {
      "dtype": "float64",
      "py/object": "numpy.float64",
      "value": 19.65
    },
    {
      "dtype": "float64",
      "py/object": "numpy.float64",
      "value": 20.35
    }
  ],
  "return_mean_T": [
    20010000,
    20020000,
    20030000,
    20040000,
    20050000,
    20060000,
    20070000,
    20080000,
    20090000,
    20100000,
    20110000
  ],
  "return_std": [
    {
      "dtype": "float64",
      "py/object": "numpy.float64",
      "value": 1.8681541692269403
    },
    {
      "dtype": "float64",
      "py/object": "numpy.float64",
      "value": 4.049691346263317
    },
    {
      "dtype": "float64",
      "py/object": "numpy.float64",
      "value": 3.1160872901765764
    },
    {
      "dtype": "float64",
      "py/object": "numpy.float64",
      "value": 1.9098429254784277
    },
    {
      "dtype": "float64",
      "py/object": "numpy.float64",
      "value": 2.1041625412500813
    },
    {
      "dtype": "float64",
      "py/object": "numpy.float64",
      "value": 3.96232255123179
    },
    {
      "dtype": "float64",
      "py/object": "numpy.float64",
      "value": 1.1779218989389746
    },
    {
      "dtype": "float64",
      "py/object": "numpy.float64",
      "value": 1.4309088021254184
    },
    {
      "dtype": "float64",
      "py/object": "numpy.float64",
      "value": 1.7741194999210173
    },
    {
      "dtype": "float64",
      "py/object": "numpy.float64",
      "value": 1.3883443376914821
    },
    {
      "dtype": "float64",
      "py/object": "numpy.float64",
      "value": 1.4239030865898143
    }
  ],
  "return_std_T": [
    20010000,
    20020000,
    20030000,
    20040000,
    20050000,
    20060000,
    20070000,
    20080000,
    20090000,
    20100000,
    20110000
  ],
  "target_mean": [
    3.527421875,
    3.171971875,
    3.31154453125,
    3.434375,
    3.523353515625,
    3.397109765625,
    3.4896125,
    3.4991796875,
    3.46453125,
    3.50281796875,
    3.5053578125
  ],
  "target_mean_T": [
    20010000,
    20020000,
    20030000,
    20040000,
    20050000,
    20060000,
    20070000,
    20080000,
    20090000,
    20100000,
    20110000
  ],
  "td_error_abs": [
    0.217196484375,
    0.2115050537109375,
    0.2134361328125,
    0.21331181640625,
    0.2132879150390625,
    0.209040673828125,
    0.20156405029296875,
    0.2007311767578125,
    0.205851025390625,
    0.20459705810546874,
    0.202937255859375
  ],
  "td_error_abs_T": [
    20010000,
    20020000,
    20030000,
    20040000,
    20050000,
    20060000,
    20070000,
    20080000,
    20090000,
    20100000,
    20110000
  ],
  "test_ep_length_mean": [
    500.0,
    500.0
  ],
  "test_ep_length_mean_T": [
    20010000,
    20060000
  ],
  "test_return_mean": [
    {
      "dtype": "float64",
      "py/object": "numpy.float64",
      "value": 17.9
    },
    {
      "dtype": "float64",
      "py/object": "numpy.float64",
      "value": 20.01
    }
  ],
  "test_return_mean_T": [
    20010000,
    20060000
  ],
  "test_return_std": [
    {
      "dtype": "float64",
      "py/object": "numpy.float64",
      "value": 2.6438608132804573
    },
    {
      "dtype": "float64",
      "py/object": "numpy.float64",
      "value": 2.037130334563795
    }
  ],
  "test_return_std_T": [
    20010000,
    20060000
  ]
}