{
  "advantage_mean": [
    -3.657656640625,
    -0.499605126953125,
    -0.10854793701171875,
    0.35432080078125,
    -0.1478320068359375,
    1.0568818359375,
    0.586233837890625
  ],
  "advantage_mean_T": [
    20010000,
    20020000,
    20030000,
    20040000,
    20050000,
    20060000,
    20070000
  ],
  "agent_grad_norm": [
    0.865969717502594,
    3.595802766653833e-09,
    1.081536769864666e-11,
    6.05334467447538e-13,
    1.8952949019240828e-13,
    3.4738342438072126e-14,
    1.6017086406651913e-14
  ],
  "agent_grad_norm_T": [
    20010000,
    20020000,
    20030000,
    20040000,
    20050000,
    20060000,
    20070000
  ],
  "critic_grad_norm": [
    59.83777618408203,
    13.104082107543945,
    3.133749008178711,
    8.489989280700684,
    6.2856950759887695,
    20.967336654663086,
    11.92400074005127
  ],
  "critic_grad_norm_T": [
    20010000,
    20020000,
    20030000,
    20040000,
    20050000,
    20060000,
    20070000
  ],
  "critic_loss": [
    16.417428970336914,
    0.266872376203537,
    0.03224169462919235,
    0.14776358008384705,
    7.737320423126221,
    8.758443832397461,
    0.4659659266471863
  ],
  "critic_loss_T": [
    20010000,
    20020000,
    20030000,
    20040000,
    20050000,
    20060000,
    20070000
  ],
  "ep_length_mean": [
    500.0,
    500.0,
    500.0,
    500.0,
    500.0,
    500.0,
    500.0
  ],
  "ep_length_mean_T": [
    20010000,
    20020000,
    20030000,
    20040000,
    20050000,
    20060000,
    20070000
  ],
  "episode": [
    10,
    110
  ],
  "episode_T": [
    20010000,
    20060000
  ],
  "pg_loss": [
    16.026365280151367,
    0.49960511922836304,
    0.10854793339967728,
    -0.35432079434394836,
    0.1478320062160492,
    -1.0568817853927612,
    -0.5862338542938232
  ],
  "pg_loss_T": [
    20010000,
    20020000,
    20030000,
    20040000,
    20050000,
    20060000,
    20070000
  ],
  "pi_max": [
    0.99811376953125,
    1.0,
    1.0,
    1.0,
    1.0,
    1.0,
    1.0
  ],
  "pi_max_T": [
    20010000,
    20020000,
    20030000,
    20040000,
    20050000,
    20060000,
    20070000
  ],
  "q_taken_mean": [
    1.954584375,
    3.6473953125,
    3.26950390625,
    2.800447265625,
    2.3709154296875,
    1.14644775390625,
    2.5457345703125
  ],
  "q_taken_mean_T": [
    20010000,
    20020000,
    20030000,
    20040000,
    20050000,
    20060000,
    20070000
  ],
  "return_mean": [
    {
      "dtype": "float64",
      "py/object": "numpy.float64",
      "value": -228.9
    },
    {
      "dtype": "float64",
      "py/object": "numpy.float64",
      "value": -0.025
    },
    {
      "dtype": "float64",
      "py/object": "numpy.float64",
      "value": 0.0
    },
    {
      "dtype": "float64",
      "py/object": "numpy.float64",
      "value": -24.95
    },
    {
      "dtype": "float64",
      "py/object": "numpy.float64",
      "value": -36.725
    },
    {
      "dtype": "float64",
      "py/object": "numpy.float64",
      "value": -74.35
    },
    {
      "dtype": "float64",
      "py/object": "numpy.float64",
      "value": -24.7
    }
  ],
  "return_mean_T": [
    20010000,
    20020000,
    20030000,
    20040000,
    20050000,
    20060000,
    20070000
  ],
  "return_std": [
    {
      "dtype": "float64",
      "py/object": "numpy.float64",
      "value": 20.612860063562263
    },
    {
      "dtype": "float64",
      "py/object": "numpy.float64",
      "value": 0.10897247358851682
    },
    {
      "dtype": "float64",
      "py/object": "numpy.float64",
      "value": 0.0
    },
    {
      "dtype": "float64",
      "py/object": "numpy.float64",
      "value": 108.7545286413398
    },
    {
      "dtype": "float64",
      "py/object": "numpy.float64",
      "value": 117.3479308509528
    },
    {
      "dtype": "float64",
      "py/object": "numpy.float64",
      "value": 176.98962540216868
    },
    {
      "dtype": "float64",
      "py/object": "numpy.float64",
      "value": 107.66480390545463
    }
  ],
  "return_std_T": [
    20010000,
    20020000,
    20030000,
    20040000,
    20050000,
    20060000,
    20070000
  ],
  "target_mean": [
    -1.703071875,
    3.1477904296875,
    3.1609560546875,
    3.15476796875,
    2.22308359375,
    2.2033296875,
    3.1319681640625
  ],
  "target_mean_T": [
    20010000,
    20020000,
    20030000,
    20040000,
    20050000,
    20060000,
    20070000
  ],
  "td_error_abs": [
    3.820840234375,
    0.499620947265625,
    0.15521435546875,
    0.3543432373046875,
    1.5391025390625,
    2.4958013671875,
    0.610804150390625
  ],
  "td_error_abs_T": [
    20010000,
    20020000,
    20030000,
    20040000,
    20050000,
    20060000,
    20070000
  ],
  "test_ep_length_mean": [
    500.0,
    500.0
  ],
  "test_ep_length_mean_T": [
    20010000,
    20060000
  ],
  "test_return_mean": [
    {
      "dtype": "float64",
      "py/object": "numpy.float64",
      "value": -27.07
    },
    {
      "dtype": "float64",
      "py/object": "numpy.float64",
      "value": -34.79
    }
  ],
  "test_return_mean_T": [
    20010000,
    20060000
  ],
  "test_return_std": [
    {
      "dtype": "float64",
      "py/object": "numpy.float64",
      "value": 104.05844559669342
    },
    {
      "dtype": "float64",
      "py/object": "numpy.float64",
      "value": 126.78967189799019
    }
  ],
  "test_return_std_T": [
    20010000,
    20060000
  ]
}