{
    "metadata": {
        "model": "tiny_0p_rerun",
        "model_path": "C:/Users/smithr38/Code/School/Thesis-Project/epymarl-main/results/models/tiny_0p_40mRerun_seed785777460",
        "env": "rware:rware-tiny-2ag-v1",
        "time_limit": 500,
        "num_episodes": 100
    },
    "averages": {
        "rewards": {
            "min": 1.0,
            "max": 24.0,
            "average": 18.32,
            "std": 3.221428254672142,
            "confidence_interval": 0.6424214329355955
        },
        "collisions": {
            "min": 0.0,
            "max": 0.0,
            "average": 0.0,
            "std": 0.0,
            "confidence_interval": 0
        },
        "deliveries": {
            "min": 1.0,
            "max": 24.0,
            "average": 18.32,
            "std": 3.221428254672142,
            "confidence_interval": 0.6424214329355955
        }
    },
    "returns": [
        24.0,
        19.0,
        18.0,
        19.0,
        23.0,
        16.0,
        18.0,
        19.0,
        21.0,
        12.0,
        21.0,
        17.0,
        19.0,
        13.0,
        19.0,
        16.0,
        23.0,
        16.0,
        19.0,
        16.0,
        18.0,
        19.0,
        19.0,
        16.0,
        22.0,
        18.0,
        17.0,
        19.0,
        19.0,
        20.0,
        15.0,
        14.0,
        10.0,
        17.0,
        18.0,
        20.0,
        18.0,
        20.0,
        21.0,
        21.0,
        20.0,
        17.0,
        16.0,
        21.0,
        14.0,
        21.0,
        16.0,
        19.0,
        22.0,
        1.0,
        13.0,
        22.0,
        15.0,
        20.0,
        17.0,
        18.0,
        15.0,
        14.0,
        18.0,
        21.0,
        18.0,
        18.0,
        21.0,
        21.0,
        21.0,
        19.0,
        19.0,
        19.0,
        23.0,
        19.0,
        24.0,
        15.0,
        17.0,
        18.0,
        21.0,
        19.0,
        21.0,
        17.0,
        16.0,
        19.0,
        16.0,
        18.0,
        20.0,
        16.0,
        22.0,
        15.0,
        19.0,
        18.0,
        13.0,
        19.0,
        20.0,
        18.0,
        23.0,
        21.0,
        19.0,
        19.0,
        19.0,
        18.0,
        23.0,
        22.0
    ],
    "collisions": [
        0.0,
        0.0,
        0.0,
        0.0,
        0.0,
        0.0,
        0.0,
        0.0,
        0.0,
        0.0,
        0.0,
        0.0,
        0.0,
        0.0,
        0.0,
        0.0,
        0.0,
        0.0,
        0.0,
        0.0,
        0.0,
        0.0,
        0.0,
        0.0,
        0.0,
        0.0,
        0.0,
        0.0,
        0.0,
        0.0,
        0.0,
        0.0,
        0.0,
        0.0,
        0.0,
        0.0,
        0.0,
        0.0,
        0.0,
        0.0,
        0.0,
        0.0,
        0.0,
        0.0,
        0.0,
        0.0,
        0.0,
        0.0,
        0.0,
        0.0,
        0.0,
        0.0,
        0.0,
        0.0,
        0.0,
        0.0,
        0.0,
        0.0,
        0.0,
        0.0,
        0.0,
        0.0,
        0.0,
        0.0,
        0.0,
        0.0,
        0.0,
        0.0,
        0.0,
        0.0,
        0.0,
        0.0,
        0.0,
        0.0,
        0.0,
        0.0,
        0.0,
        0.0,
        0.0,
        0.0,
        0.0,
        0.0,
        0.0,
        0.0,
        0.0,
        0.0,
        0.0,
        0.0,
        0.0,
        0.0,
        0.0,
        0.0,
        0.0,
        0.0,
        0.0,
        0.0,
        0.0,
        0.0,
        0.0,
        0.0
    ],
    "deliveries": [
        24.0,
        19.0,
        18.0,
        19.0,
        23.0,
        16.0,
        18.0,
        19.0,
        21.0,
        12.0,
        21.0,
        17.0,
        19.0,
        13.0,
        19.0,
        16.0,
        23.0,
        16.0,
        19.0,
        16.0,
        18.0,
        19.0,
        19.0,
        16.0,
        22.0,
        18.0,
        17.0,
        19.0,
        19.0,
        20.0,
        15.0,
        14.0,
        10.0,
        17.0,
        18.0,
        20.0,
        18.0,
        20.0,
        21.0,
        21.0,
        20.0,
        17.0,
        16.0,
        21.0,
        14.0,
        21.0,
        16.0,
        19.0,
        22.0,
        1.0,
        13.0,
        22.0,
        15.0,
        20.0,
        17.0,
        18.0,
        15.0,
        14.0,
        18.0,
        21.0,
        18.0,
        18.0,
        21.0,
        21.0,
        21.0,
        19.0,
        19.0,
        19.0,
        23.0,
        19.0,
        24.0,
        15.0,
        17.0,
        18.0,
        21.0,
        19.0,
        21.0,
        17.0,
        16.0,
        19.0,
        16.0,
        18.0,
        20.0,
        16.0,
        22.0,
        15.0,
        19.0,
        18.0,
        13.0,
        19.0,
        20.0,
        18.0,
        23.0,
        21.0,
        19.0,
        19.0,
        19.0,
        18.0,
        23.0,
        22.0
    ]
}