{
    "metadata": {
        "model": "tiny_1p_005penalty",
        "model_path": "/home/smithr38/Thesis-Project/epymarl-main/results/models/tiny_0_005penalty_1p_seed192884176",
        "env": "rware:rware-tiny-2ag-v1",
        "time_limit": 500,
        "num_episodes": 100
    },
    "averages": {
        "rewards": {
            "min": 11.0,
            "max": 26.5,
            "average": 21.27,
            "std": 2.4893975174728524,
            "confidence_interval": 0.49643890656319556
        },
        "collisions": {
            "min": 0.0,
            "max": 3.0,
            "average": 0.32,
            "std": 0.6144916598294887,
            "confidence_interval": 0.12254272994039056
        },
        "deliveries": {
            "min": 11.0,
            "max": 27.0,
            "average": 21.43,
            "std": 2.4667995459704466,
            "confidence_interval": 0.4919323895507617
        }
    },
    "returns": [
        22.0,
        20.0,
        22.0,
        21.0,
        18.0,
        20.0,
        25.0,
        20.0,
        24.0,
        21.0,
        24.0,
        24.0,
        24.0,
        22.0,
        21.5,
        17.0,
        18.5,
        21.0,
        17.0,
        23.0,
        24.0,
        25.0,
        22.0,
        23.0,
        19.5,
        21.0,
        23.0,
        22.0,
        19.0,
        21.5,
        24.0,
        18.0,
        17.5,
        24.0,
        18.0,
        19.5,
        21.0,
        19.5,
        23.0,
        21.0,
        23.0,
        22.0,
        23.0,
        22.5,
        21.0,
        21.0,
        20.5,
        16.0,
        23.0,
        23.0,
        20.0,
        19.5,
        22.0,
        23.0,
        22.0,
        24.0,
        22.0,
        22.0,
        19.0,
        21.0,
        20.0,
        26.5,
        19.0,
        21.0,
        20.5,
        22.0,
        22.0,
        17.0,
        23.0,
        19.0,
        21.5,
        17.5,
        20.5,
        24.0,
        22.0,
        19.5,
        25.0,
        22.0,
        26.0,
        20.0,
        22.0,
        18.5,
        23.5,
        24.0,
        22.0,
        23.0,
        22.5,
        20.0,
        24.0,
        18.0,
        16.0,
        22.0,
        20.0,
        11.0,
        22.0,
        25.0,
        24.0,
        19.0,
        24.0,
        18.5
    ],
    "collisions": [
        0.0,
        0.0,
        0.0,
        0.0,
        0.0,
        0.0,
        0.0,
        0.0,
        0.0,
        0.0,
        0.0,
        0.0,
        0.0,
        0.0,
        1.0,
        0.0,
        1.0,
        0.0,
        0.0,
        0.0,
        0.0,
        0.0,
        0.0,
        0.0,
        1.0,
        0.0,
        0.0,
        0.0,
        0.0,
        1.0,
        0.0,
        0.0,
        1.0,
        0.0,
        0.0,
        1.0,
        0.0,
        1.0,
        0.0,
        0.0,
        0.0,
        2.0,
        0.0,
        3.0,
        0.0,
        0.0,
        1.0,
        0.0,
        0.0,
        0.0,
        0.0,
        1.0,
        0.0,
        0.0,
        0.0,
        0.0,
        0.0,
        0.0,
        0.0,
        0.0,
        0.0,
        1.0,
        2.0,
        0.0,
        1.0,
        0.0,
        0.0,
        0.0,
        0.0,
        0.0,
        1.0,
        1.0,
        1.0,
        0.0,
        0.0,
        1.0,
        0.0,
        0.0,
        0.0,
        0.0,
        0.0,
        1.0,
        1.0,
        0.0,
        0.0,
        0.0,
        1.0,
        2.0,
        0.0,
        2.0,
        0.0,
        0.0,
        0.0,
        0.0,
        0.0,
        0.0,
        2.0,
        0.0,
        0.0,
        1.0
    ],
    "deliveries": [
        22.0,
        20.0,
        22.0,
        21.0,
        18.0,
        20.0,
        25.0,
        20.0,
        24.0,
        21.0,
        24.0,
        24.0,
        24.0,
        22.0,
        22.0,
        17.0,
        19.0,
        21.0,
        17.0,
        23.0,
        24.0,
        25.0,
        22.0,
        23.0,
        20.0,
        21.0,
        23.0,
        22.0,
        19.0,
        22.0,
        24.0,
        18.0,
        18.0,
        24.0,
        18.0,
        20.0,
        21.0,
        20.0,
        23.0,
        21.0,
        23.0,
        23.0,
        23.0,
        24.0,
        21.0,
        21.0,
        21.0,
        16.0,
        23.0,
        23.0,
        20.0,
        20.0,
        22.0,
        23.0,
        22.0,
        24.0,
        22.0,
        22.0,
        19.0,
        21.0,
        20.0,
        27.0,
        20.0,
        21.0,
        21.0,
        22.0,
        22.0,
        17.0,
        23.0,
        19.0,
        22.0,
        18.0,
        21.0,
        24.0,
        22.0,
        20.0,
        25.0,
        22.0,
        26.0,
        20.0,
        22.0,
        19.0,
        24.0,
        24.0,
        22.0,
        23.0,
        23.0,
        21.0,
        24.0,
        19.0,
        16.0,
        22.0,
        20.0,
        11.0,
        22.0,
        25.0,
        25.0,
        19.0,
        24.0,
        19.0
    ]
}